﻿{
    "ServiceName" : "win32calc",
    "SqlDB" : {
        "Stored" : true,
        "ConnectionString" : "xxxxxxxxxxxx"
    },
    "InfluxDB" : {
        "Stored" : true,
        "User" : "user",
        "Passwd" : "passwd",
        "IP" : "xxx.xxx.xxx.xxx"
    },
    "EnableWebHook" : true,
    "CheckInterval" : 5,
    "CpuUtilLimit"  : 40,
    
    "oscred":
    [
      {
          "username" : "azureadmin",
          "userpw" : "Password@123"
      },
      {
          "monusername" : "azureadmin",
          "monuserpw" : "Password@123"
      }

    ],

    "spn":
     {
         "tenantID" : "72f988bf-86*****************",
         "appid" : "3903392b-05****************"
     },
     
     "blob":
     {
        "storageAccountName" : "**********",
        "storageAccountKey" : "**********************************",
        "linuxuri" : "https://**********.blob.core.windows.net/scripts/InitialScriptLinux.sh",
        "winuri" : "https://**********.blob.core.windows.net/scripts/InitialScriptWindows.ps1"

     }
}